,0,1,2,3,4,5,6,7,8,9,10,11,12,13
0,1.2902643273167334,17.52837500847666,1.5306860970570535,8.85749249024546,4.671268790655049,8.892010963218741,4.473907977332026,3.063496414358237,2.2498391713112653,4.0009863554804,2.432831976656259,4.549997267701719,5.5212011897377336,3.3819457681836775
1,1.2902643273167334,16.25963106900154,1.5933457618488627,7.800425485236743,3.353731439444651,7.001583435605308,4.234234335689238,2.7631536286368408,2.0891363733604607,2.2363591855960316,1.8893269605947545,4.593747241429621,4.788796950282729,3.334312729195175
2,1.2902643273167334,16.210359459701536,2.1125258415524244,9.732306563356122,5.569589711934867,7.071599269961362,4.473907977332026,3.2437020857910746,2.4105419692620695,4.909507274628788,2.4500861041502753,4.506247293973818,4.464848921293014,3.7630100800916972
3,1.2902643273167334,17.700825641026675,1.7455192334861136,9.112646594902737,5.030597159166977,7.911789282233999,6.151623468831535,3.4939877405589046,1.9284335754096558,3.808799237968241,3.3645548613331244,3.7624977405994984,4.85922043484571,4.699793180198913
4,1.2902643273167334,16.308902678301546,2.3184075972969405,10.461318290948341,6.288246448958721,8.261868454014264,4.473907977332026,2.693073645301849,3.133704560040691,3.1798232170193574,1.8634457693537307,4.549997267701719,4.126816195390704,2.3340189104366225
5,1.2902643273167334,17.491421301501656,1.5754430004797744,8.930393663004683,4.55149266781774,7.841773447877945,5.224885387812758,3.3938734786517726,2.7319475651636793,3.441896559081392,2.911634014615204,4.593747241429621,4.014138620089934,4.604527102221908
6,1.2902643273167334,17.72546144567668,1.6739081880097604,8.930393663004683,4.371828483561777,6.721520098181096,3.9945606940464513,2.5228794000597246,2.4105419692620695,3.459368115218861,2.264604233589603,4.462497320245917,5.042321494709461,4.0964413530112145
7,1.2902643273167334,17.318970668951643,1.924546847176997,9.513603045078456,5.270149404841595,8.471915957082423,4.15434312180831,2.512867973869011,2.4908933682374723,2.1839445171836243,2.178333596119523,4.637497215157522,5.042321494709461,4.112319032674049
8,1.2902643273167334,18.26744914797673,1.468026432265244,7.909777244375575,4.192164299305814,6.7915359325371485,4.473907977332026,2.9834050048325316,2.330190570286667,3.459368115218861,2.2430365742220832,4.724997162613324,4.014138620089934,3.3184350495323405
9,1.2902643273167334,17.07261262245162,1.2084363924134633,8.274283108171685,4.7910449134923585,6.861551766893202,4.76151634730337,3.1535992500746555,1.7677307774588513,3.2322378854317644,3.114370012669892,4.418747346518016,5.000067403971673,3.3184350495323405
10,1.2902643273167334,17.368242278251646,1.9334982278615414,8.383634867310517,5.389925527678904,7.351662607385574,4.713581618974813,3.32379349531678,1.7677307774588513,4.158230360717621,2.4802808272648034,5.468746715987643,4.464848921293014,4.795059258175918
11,1.2902643273167334,17.392878082901646,1.3248043413125374,8.45653604006974,5.030597159166977,6.651504263825043,3.5152134107608775,2.432776564343306,2.0891363733604607,2.7430343135826325,2.156765936752003,5.118746926164434,3.9718845293521454,4.064685993685546
12,1.2902643273167334,16.937115696876603,1.5485888584261418,8.784591317486239,4.7910449134923585,6.231409257688724,4.15434312180831,2.7631536286368408,2.330190570286667,3.162351660881888,2.415577849162243,5.031246978708631,4.084562104652916,4.191707430988219
13,1.2902643273167334,18.16890592937672,1.5485888584261418,8.711690144727017,3.4136195008633057,6.3714409264008305,4.9532552606176,3.694216264373168,3.4551101559423,4.909507274628788,2.3293072116921634,5.468746715987643,3.845122257138779,3.651866322451858
14,1.2902643273167334,17.71314354335168,1.6739081880097604,8.675239558347405,3.593283685119269,7.141615104317414,5.2728201161413155,3.644159133419602,2.330190570286667,5.1715806166908225,3.2351489051280042,5.249996847348137,4.225409073778878,4.912554087680891
15,1.2902643273167334,16.789300868976593,1.6201999039024952,9.841658322494956,5.150373282004286,7.841773447877945,4.5537991912129545,2.9133250214975392,2.4105419692620695,2.5508471960704733,3.148878267657924,5.599996637171347,4.056392710827723,4.159952071662551
16,1.2902643273167334,17.61460032475167,1.718665091432481,9.914559495254178,5.988806141865449,8.401900122726369,4.473907977332026,3.1435878238839425,2.651596166188277,3.441896559081392,2.674389761572484,4.681247188885423,3.732444681838009,4.064685993685546
17,1.2902643273167334,17.035658915476613,1.4053667674734351,9.550053631458068,5.988806141865449,8.051820950946105,4.713581618974813,3.4038849048424855,3.2140559590160933,3.005107655644667,2.8469310365126437,4.943747031252829,3.6197671065372385,3.5883556038005215
18,1.2902643273167334,17.479103399176655,1.4232695288425234,9.039745422143515,4.940765067038995,7.561710110453733,5.2728201161413155,3.934490492950285,2.5712447672128746,3.2497094415692334,3.7527727299484845,5.381246768531841,3.9718845293521454,5.334900366712279
19,1.2902643273167334,16.80161877130159,2.7749280122086937,9.331350113180402,4.55149266781774,8.121836785302158,4.314125549570168,3.033462135786097,1.3659737825818397,2.900278318819853,2.1999012554870427,4.19999747787851,4.732458162632343,2.683327863018974
20,1.2902643273167334,17.318970668951643,1.4590750515807,8.310733694551296,4.7910449134923585,8.821995128862689,4.793472832855741,3.1736221024560822,1.9284335754096558,3.6690267888684893,2.4371455085297633,4.768747136341225,5.225422554573212,2.47691802740213
21,1.2902643273167334,15.927047706226508,3.4015246601267854,9.6594053905969,5.569589711934867,7.141615104317414,3.8507565090607794,2.4127537119618796,2.0087849743850583,3.459368115218861,1.9410893430768026,4.506247293973818,4.957813313233884,2.4451626680764615
22,1.2902643273167334,16.8878440875766,1.6649568073252161,8.602338385588183,4.970709097748323,7.071599269961362,4.170321364584495,2.8832907429253996,2.169487772335863,2.9526929872322603,1.6391421119315221,4.856247083797028,5.633878765038504,3.286679690206672
23,1.2902643273167334,15.8285044876265,1.4322209095270677,9.185547767661959,5.330037466260249,6.651504263825043,3.9626042084940796,2.372708007199027,2.0891363733604607,2.5508471960704733,1.6952180262870744,4.768747136341225,5.112744979272442,3.2231689715553355
24,1.2902643273167334,16.629168138751574,1.6201999039024952,9.513603045078456,5.988806141865449,6.721520098181096,4.0424954223750085,2.612982235776143,2.2498391713112653,2.900278318819853,1.51836321947341,4.899997057524929,5.380354220611771,2.683327863018974
25,1.2902643273167334,16.074862534126524,1.8350330403315551,11.737088814234726,7.486007677331811,8.681963460150582,4.202277850136866,2.683062219111136,3.776515751843909,3.354538778394047,1.5442444107144342,4.943747031252829,4.507103012030804,2.6356948240304714
26,1.2902643273167334,16.49367121317656,1.5843943811643186,9.550053631458068,4.820988944201686,6.511472595112936,4.5537991912129545,2.9433593000696785,2.7319475651636793,2.5333756399330043,2.0704952992819226,4.024997582966906,4.535272405855996,3.7947654394173655
27,1.2902643273167334,16.382810092251553,1.5396374777415975,7.800425485236743,5.090485220585631,6.5814884294689895,3.834778266284593,2.1925023357661892,2.169487772335863,2.3586600785583145,1.7038450900340825,4.462497320245917,3.9014610447891642,4.08056367334838
28,1.2902643273167334,17.084930524776617,1.7007623300633927,10.206164186291064,5.8091419576094845,7.49169427609768,4.713581618974813,2.9733935786418186,2.973001762089886,3.074993880194543,1.9410893430768026,5.468746715987643,4.788796950282729,2.9056153782986525
29,1.2902643273167334,17.269699059651636,1.503831955003421,8.05557958989402,4.7910449134923585,6.721520098181096,4.234234335689238,2.332662302436174,2.0891363733604607,3.459368115218861,2.027359980546883,4.549997267701719,5.056406191622057,3.286679690206672
30,1.2902643273167334,16.912479892226603,1.342707102681626,9.841658322494956,6.737406909598629,7.071599269961362,4.793472832855741,3.2537135119817875,2.330190570286667,4.158230360717621,2.4587131678972836,5.206246873620236,3.8169528633135865,4.08056367334838
31,1.2902643273167334,16.727711357351584,1.4859291936343326,8.602338385588183,5.719309865481503,7.421678441741626,4.56977743398914,3.1936449548375085,1.7677307774588513,3.406953446806454,2.9763369927177643,4.768747136341225,4.056392710827723,4.810936937838752
32,1.2902643273167334,16.850890380601598,1.6381026652715835,8.602338385588183,5.150373282004286,7.281646773029521,3.866734751836965,2.693073645301849,3.3747587569668975,3.441896559081392,1.6563962394255383,5.381246768531841,4.042308013915127,3.1437805732411648
33,1.2902643273167334,16.949433599201605,1.3695612447352583,9.841658322494956,5.839085988318812,9.242090134999007,4.713581618974813,2.743130776255415,4.017569948770117,2.3586600785583145,2.3293072116921634,5.468746715987643,4.225409073778878,3.921786876720039
34,1.2902643273167334,16.641486041076575,1.611248523217951,9.6594053905969,5.689365834772176,7.701741779165839,3.7548870524036646,2.5328908262504375,2.330190570286667,2.690619645170225,1.8116833868716826,4.812497110069127,4.042308013915127,3.4772118461606825
35,1.2902643273167334,16.604532334101574,1.6201999039024952,8.784591317486239,6.138526295412085,7.001583435605308,4.314125549570168,2.9834050048325316,2.0891363733604607,3.2497094415692334,2.1999012554870427,4.549997267701719,4.887389828670902,2.9214930579614866
36,1.2902643273167334,16.35817428760155,1.468026432265244,10.351966531809508,4.641324759945722,7.701741779165839,4.15434312180831,2.683062219111136,2.7319475651636793,2.3761316346957835,1.9842246618118424,4.768747136341225,3.9155457417017603,2.7944716206588134
37,1.2902643273167334,16.074862534126524,1.4769778129497884,9.29489952680079,5.389925527678904,6.861551766893202,3.9146694801655224,2.432776564343306,2.330190570286667,2.5159040837955353,1.8332510462392024,4.899997057524929,3.535258925061661,3.5089672054863508
38,1.2902643273167334,16.099498338776527,1.342707102681626,7.654623139718299,4.641324759945722,6.861551766893202,3.834778266284593,2.643016514348283,2.2498391713112653,2.3936031908332525,1.5960067931964823,5.162496899892335,3.788783469488394,3.2390466512181697
39,1.2902643273167334,17.51605710615166,3.571600893133125,9.149097181282347,3.9526120536311957,8.962026797574794,4.793472832855741,3.0434735619768105,1.6070279795080467,3.634083676593551,2.1999012554870427,3.893747661783202,4.97189801014648,2.4134073087507932
40,1.2902643273167334,16.703075552701584,1.5306860970570535,8.42008545369013,4.850932974911013,8.19185261965821,5.033146474498529,3.2937592167446406,2.7319475651636793,4.088344136167745,2.6441950384579553,4.156247504150609,4.7606275564575355,2.5245510663906323
41,1.2902643273167334,16.518307017826565,3.437330182864962,7.727524312477521,5.629477773353522,6.301425092044777,3.9146694801655224,2.683062219111136,2.169487772335863,2.5857903083454112,1.8461916418597146,3.9812476092390043,4.225409073778878,3.286679690206672
42,1.2902643273167334,17.097248427101622,1.6918109493788485,9.440701872319234,4.491604606399086,7.071599269961362,5.192928902260387,3.5640677238938965,1.3659737825818397,2.9701645433697292,2.342247807312675,3.849997688055301,5.014152100884269,3.4772118461606825
43,1.2902643273167334,16.308902678301546,3.5626495124485804,8.347184280930907,5.240205374132268,7.211630938673467,4.218256092913053,2.6330050881575695,2.5712447672128746,2.900278318819853,1.8806998968477466,3.587497845687894,4.225409073778878,2.1593644341454468
44,1.2902643273167334,16.074862534126524,1.5843943811643186,7.654623139718299,5.090485220585631,7.49169427609768,4.793472832855741,3.003427857213958,2.2498391713112653,3.5467258959062056,2.174020064246019,3.849997688055301,4.718373465719747,2.8103493003216475
45,1.2902643273167334,17.503739203826658,3.6163577965558455,8.89394307662507,5.659421804062848,7.771757613521892,4.5537991912129545,2.653027940538996,2.4105419692620695,2.1839445171836243,2.260290701716099,3.8062477143273994,4.690204071894555,3.42957880717218
46,1.2902643273167334,17.71314354335168,3.213545665751358,8.310733694551296,4.7910449134923585,7.141615104317414,5.192928902260387,3.1736221024560822,2.169487772335863,3.8262707941057097,2.113630618016963,4.549997267701719,4.845135737933114,3.3819457681836775
47,1.2902643273167334,17.121884231751622,1.503831955003421,7.727524312477521,4.7910449134923585,7.071599269961362,4.9532552606176,3.3938734786517726,1.6873793784834488,3.7389130134183652,2.6312544428374434,3.9812476092390043,4.690204071894555,3.1279028935783306
48,1.2902643273167334,17.368242278251646,1.8081788982779228,8.748140731106627,5.629477773353522,7.211630938673467,4.394016763451097,2.923336447688252,2.5712447672128746,4.158230360717621,2.674389761572484,4.681247188885423,3.8732916509639717,3.3660680885208434
49,1.2902643273167334,17.171155841051625,1.5485888584261418,8.274283108171685,5.21026134342294,7.561710110453733,4.601733919541512,3.54404487151247,2.5712447672128746,3.634083676593551,3.839043367418565,4.899997057524929,4.3662560429048405,4.0011752750342096
50,1.2902643273167334,16.074862534126524,1.5485888584261418,7.435919621440633,3.713059807956578,6.441456760756884,4.3460820351225395,3.2737363643632142,1.3659737825818397,5.084222836003478,3.105742948922884,4.899997057524929,4.098646801565512,3.651866322451858
51,1.2902643273167334,17.035658915476613,1.4769778129497884,9.477152458698846,5.150373282004286,6.5814884294689895,3.9146694801655224,2.993416431023245,1.7677307774588513,4.0009863554804,2.415577849162243,5.424996742259742,4.74654285954494,4.017052954697044
52,1.2902643273167334,17.02334101315161,1.56649161979523,8.821041903865849,4.192164299305814,7.771757613521892,6.199558197160092,3.744273395326734,2.5712447672128746,3.2671809977067023,3.041039970820324,4.418747346518016,4.591611193506381,3.7788877597545314
53,1.2902643273167334,16.961751501526606,1.7007623300633927,9.768757149735734,5.120429251294959,8.051820950946105,4.793472832855741,2.793187907208981,3.133704560040691,2.9352214310947913,2.7175250803075235,4.943747031252829,4.126816195390704,4.366361907279396
54,1.2902643273167334,16.924797794551605,1.4948805743188767,8.201381935412464,4.910821036329668,8.261868454014264,4.15434312180831,2.903313595306826,1.6873793784834488,2.8303920942699774,2.5234161459998434,4.024997582966906,4.507103012030804,3.3660680885208434
55,1.2902643273167334,16.703075552701584,1.5485888584261418,8.966844249384293,6.138526295412085,8.121836785302158,4.729559861750999,2.7831764810182675,1.6070279795080467,4.2805312536799045,2.6959574209400037,4.287497425334312,4.267663164516667,3.5566002444748532
56,1.2902643273167334,17.51605710615166,1.5217347163725092,8.383634867310517,4.8808770056203405,8.261868454014264,5.113037688379458,3.003427857213958,2.0891363733604607,3.5467258959062056,2.7520333352955557,4.112497530422708,4.662034678069363,3.080269854589828
57,1.2902643273167334,16.37049218992655,1.763421994855202,9.768757149735734,5.030597159166977,7.141615104317414,4.793472832855741,3.233690659600361,2.4908933682374723,2.900278318819853,2.5881191241024033,4.681247188885423,4.0000539231773375,4.032930634359878
58,1.2902643273167334,16.9001619899016,1.2800474378898166,9.112646594902737,5.00065312845765,7.561710110453733,5.432602543903173,3.674193411991742,1.5266765805326443,3.564197452043675,2.933201673982724,3.893747661783202,4.042308013915127,4.08056367334838
59,2.5805286546334667,15.237245176026443,0.8414297843471522,4.957279747627089,3.1740672551886875,6.1613934233326715,3.1636920696847897,0.570651292870652,2.2498391713112653,0.7338053577736978,0.8411387153332811,4.593747241429621,2.5634148380925197,1.6512786849347532
60,2.5805286546334667,15.18797356672644,0.9846518752998591,8.310733694551296,4.7910449134923585,7.071599269961362,3.27553976911809,1.0912454547877382,5.062138135450347,0.7163338016362287,1.4105249226358099,5.468746715987643,2.352144384403575,2.1593644341454468
61,2.5805286546334667,15.569828538801476,1.2173877730980076,7.363018448681411,5.030597159166977,7.001583435605308,3.2276050407895327,1.41161109289056,4.258624145696324,1.0832364805230776,2.4802808272648034,4.287497425334312,2.2394668091028054,1.428991169655075
62,2.5805286546334667,16.838572478276596,1.1189225855680216,6.998512584885302,5.389925527678904,6.5814884294689895,3.355430982999019,1.7920452881376616,2.5712447672128746,1.2754235980352366,1.6391421119315221,5.381246768531841,3.46483544049868,2.0005876375171048
63,2.5805286546334667,15.237245176026443,1.0115060173534913,7.873326657995965,5.689365834772176,6.091377588976618,5.592384971665032,3.10354211912109,1.5266765805326443,3.2671809977067023,1.9195216837092826,5.33749679480394,4.042308013915127,1.3337250916780699
64,2.5805286546334667,14.99088712952642,1.2979501992589049,9.221998354041569,5.689365834772176,7.281646773029521,3.0198878846991173,1.7519995833748088,3.615812953893105,1.7995702821593065,1.2724919026836818,6.343746190545666,3.140887411508966,1.1273152560612258
65,2.5805286546334667,15.237245176026443,1.0831170628298448,9.331350113180402,5.419869558388231,6.861551766893202,3.866734751836965,2.653027940538996,2.973001762089886,3.634083676593551,1.9842246618118424,5.206246873620236,3.2394802898971395,2.153013362280313
66,2.5805286546334667,16.14876994807653,0.9040894491389614,6.196599684533861,4.491604606399086,5.46123507977214,4.76151634730337,3.1836335286467956,2.0891363733604607,3.9835147993429305,2.286171892957123,4.899997057524929,4.478933618205611,1.5941190381485502
67,2.5805286546334667,15.237245176026443,1.0473115400916682,6.998512584885302,5.86903001902814,5.46123507977214,3.3714092257752046,2.0022852381426386,2.169487772335863,1.8170418382967755,2.0187329167998747,4.899997057524929,4.901474525583499,1.6195233256090849
68,2.5805286546334667,16.432081701551557,0.8414297843471522,8.602338385588183,5.090485220585631,7.701741779165839,4.0424954223750085,1.3014854047927151,4.419326943647128,0.7338053577736978,1.3673896039007698,4.462497320245917,2.718346504131078,2.381651949425125
69,2.5805286546334667,15.040158738826426,1.0652143014607565,6.3788526164319155,5.030597159166977,10.572390987764015,2.9559749135943743,1.2814625524112886,1.1249195856556327,4.3678890343672485,1.2293565839486418,5.599996637171347,4.324001952167052,2.280034799582986
70,2.5805286546334667,15.138701957426433,1.4411722902116118,8.05557958989402,6.108582264702757,7.211630938673467,1.7576067053804387,1.0211654714527456,2.973001762089886,2.5508471960704733,1.3156272214187217,3.963747619747844,2.5634148380925197,2.762716261333145
71,2.5805286546334667,17.07261262245162,1.35165848336617,9.732306563356122,7.486007677331811,6.021361754620565,4.713581618974813,2.863267890543973,1.6873793784834488,3.2671809977067023,1.4579737732443538,5.949996426994556,4.450764224380419,1.3019697323524015
72,2.5805286546334667,16.616850236426576,1.4859291936343326,8.164931349032853,7.186567370238538,6.091377588976618,3.0039096419229314,1.8421024190912276,2.169487772335863,1.7995702821593065,1.6132609206904982,4.287497425334312,3.9155457417017603,1.4988529601715452
73,2.5805286546334667,16.000955120176517,1.4948805743188767,9.477152458698846,8.983209212798172,9.732200975491379,5.2728201161413155,2.893302169116113,1.6873793784834488,3.424425002943923,1.445033177623842,5.73124655835505,4.929643919408691,3.1279028935783306
74,2.5805286546334667,14.732211180701396,0.9757004946153148,8.383634867310517,6.288246448958721,7.071599269961362,5.4006460583508025,2.1424452048126232,1.0445681866802303,2.882806762682384,1.384643731394786,4.331247399062213,4.408510133642629,2.813524836254214
75,2.5805286546334667,14.36267411095136,1.6828595686943044,6.998512584885302,4.7910449134923585,6.7915359325371485,2.5724970869659147,1.5717939119419713,2.7319475651636793,2.0092289558089345,1.6391421119315221,5.381246768531841,3.0141251392956,1.3591293791386045
76,2.5805286546334667,16.05022672947652,0.8056242616089755,6.233050270913472,4.7910449134923585,6.021361754620565,3.115757341356232,2.032319516714778,1.9284335754096558,2.5508471960704733,1.9842246618118424,5.206246873620236,3.4930048343238727,1.2448100855661985
77,2.5805286546334667,14.584396352801381,2.586949017833266,8.128480762653242,5.389925527678904,7.841773447877945,2.7482577575039584,1.3215082571741414,3.4551101559423,1.6597978330595544,1.1430859464785614,4.19999747787851,3.549343621974258,1.5877679662834165
78,2.5805286546334667,15.18797356672644,0.8861866877698731,7.107864344024135,4.431716544980432,9.52215347242322,3.0358661274753027,1.8521138452819408,2.812298964139081,4.822149493941442,1.466600836991362,4.637497215157522,3.253564986809736,2.381651949425125
79,2.5805286546334667,15.64373595275148,3.4641843249185946,8.748140731106627,6.8871270631452655,7.071599269961362,4.521842705660583,2.552913678631864,3.4551101559423,3.406953446806454,1.1085776914905294,5.206246873620236,4.408510133642629,1.4702731367784438
80,2.5805286546334667,14.7814827900014,0.8235270229780639,7.2901172759221895,5.689365834772176,6.021361754620565,3.866734751836965,2.262582319101181,2.4105419692620695,2.4984325276580663,1.0783829683760016,6.037496374450358,4.3944254367300335,0.8827989892535796
81,2.5805286546334667,15.668371757401486,1.6201999039024952,8.01912900351441,5.629477773353522,6.021361754620565,3.5152134107608775,2.5328908262504375,2.0891363733604607,3.092465436332012,1.6822774306665622,5.074996952436533,4.422594830555226,2.267332655852719
82,2.5805286546334667,14.88002600860141,1.0115060173534913,9.149097181282347,7.186567370238538,5.46123507977214,3.195648555237161,1.5818053381326844,3.2140559590160933,2.446017859245659,0.9489770121708814,5.73124655835505,3.831037560226183,2.0005876375171048
83,2.5805286546334667,16.074862534126524,3.4552329442340506,8.45653604006974,6.737406909598629,5.951345920264512,2.6364100580706578,1.5918167643233978,4.901435337499542,2.8303920942699774,2.0704952992819226,3.674997793143696,2.831024079431848,1.635401005271919
84,2.5805286546334667,14.584396352801381,0.7966728809244313,9.404251285939624,5.389925527678904,6.5814884294689895,3.5152134107608775,2.2125251881476156,1.7677307774588513,4.105815692305214,1.3156272214187217,3.456247924504191,4.338086649079648,1.6512786849347532
85,2.5805286546334667,15.606782245776479,0.8772353070853289,8.164931349032853,5.389925527678904,6.931567601249255,3.5152134107608775,1.9422166809983594,2.4105419692620695,2.5508471960704733,1.1301453508580495,5.381246768531841,4.450764224380419,1.428991169655075
86,2.5805286546334667,14.978569227201419,1.4411722902116118,8.42008545369013,6.827239001726611,6.301425092044777,2.8441272141610736,1.6919310262305296,3.4551101559423,2.7255627574451635,1.0568153090084815,5.818746505810853,3.1831415022467544,1.5718902866205824
87,2.5805286546334667,14.35035620862636,1.4948805743188767,9.550053631458068,7.785447984425083,6.1613934233326715,3.0678226130276744,1.6118396167048241,3.2140559590160933,2.3411885224208455,1.1215182871110416,5.949996426994556,4.521187708943399,1.7846511941025602
88,2.5805286546334667,14.338038306301359,1.8439844210160996,8.966844249384293,6.467910633214685,5.881330085908459,3.115757341356232,1.6919310262305296,3.8568671508193115,2.3586600785583145,1.2077889245811215,4.374997372790115,3.8732916509639717,2.1593644341454468
89,2.5805286546334667,14.88002600860141,1.190533631044375,8.383634867310517,7.0667912474012295,4.901108404923716,3.5152134107608775,1.5918167643233978,3.3747587569668975,2.411074746970721,0.750554545989697,4.681247188885423,4.521187708943399,1.9847099578542708
90,2.5805286546334667,14.88002600860141,1.6381026652715835,8.45653604006974,5.53964568122554,5.671282582840299,2.556518844189729,1.501713928606979,4.178272746720921,2.865335206544915,1.0352476496409613,4.724997162613324,3.1972261991593514,1.52425724763208
91,2.5805286546334667,14.7814827900014,1.35165848336617,8.821041903865849,6.587686756051993,6.021361754620565,2.3168452025469417,1.2514282738391491,4.017569948770117,2.847863650407446,1.552871474461442,4.593747241429621,3.732444681838009,1.428991169655075
92,2.5805286546334667,15.63141805042648,1.3695612447352583,8.237832521792074,6.198414356830739,5.601266748484247,2.204997503113641,1.461668223844126,4.660381140573334,2.8303920942699774,1.3156272214187217,4.19999747787851,2.9014475639948296,1.5718902866205824
93,2.5805286546334667,15.138701957426433,2.533240733726001,8.092030176273632,5.389925527678904,6.1613934233326715,3.9146694801655224,2.252570892910468,2.0087849743850583,3.47683967135633,0.9274093528033612,5.031246978708631,4.647949981156765,0.9209054204443816
94,2.5805286546334667,14.313402501651355,1.7813247562242902,8.310733694551296,5.389925527678904,6.861551766893202,4.825429318408113,2.262582319101181,1.3659737825818397,2.3586600785583145,1.4018978588888018,5.074996952436533,4.169070286128493,1.0955598967355575
95,2.5805286546334667,15.360424199276457,1.3606098640507143,8.01912900351441,5.689365834772176,11.342565165680599,3.9945606940464513,2.272593745291895,2.5712447672128746,5.73067041308983,1.1215182871110416,5.074996952436533,3.7042752880128162,2.975477168815123
96,2.5805286546334667,14.54744264582638,1.8976927051233647,9.9874606680134,6.437966602505357,9.382121803711113,2.556518844189729,0.991131192880606,1.1249195856556327,2.7255627574451635,1.0783829683760016,4.156247504150609,3.1831415022467544,1.9847099578542708
97,2.5805286546334667,15.138701957426433,1.2621446765207283,7.217216103162968,4.7910449134923585,5.951345920264512,4.07445190792738,2.5028565476782982,2.330190570286667,3.092465436332012,1.2509242433161616,5.381246768531841,3.8592069540513756,1.3591293791386045
98,2.5805286546334667,15.237245176026443,0.9577977332462265,7.654623139718299,5.53964568122554,6.1613934233326715,5.624341457217404,3.754284821517447,1.9284335754096558,3.406953446806454,1.9410893430768026,4.549997267701719,3.9014610447891642,2.0958537154941097
99,2.5805286546334667,15.138701957426433,2.8375876770005024,8.05557958989402,5.389925527678904,6.1613934233326715,4.5537991912129545,2.993416431023245,3.615812953893105,4.909507274628788,0.9921123309059212,6.212496269361962,3.985969226264742,1.2892675886221343
100,2.5805286546334667,14.88002600860141,1.861887182385188,6.196599684533861,5.240205374132268,6.7915359325371485,3.5631481390894346,2.172479483384763,2.0891363733604607,2.446017859245659,1.4234655182563218,5.556246663443446,4.169070286128493,2.2546305121224517
101,2.5805286546334667,15.52055692950147,1.199485011728919,6.92561141212608,5.53964568122554,6.1613934233326715,2.3168452025469417,1.3615539619369943,2.330190570286667,2.3586600785583145,1.0568153090084815,4.549997267701719,3.9014610447891642,1.7846511941025602
102,2.5805286546334667,15.20029146905144,2.1930882677133225,8.966844249384293,6.288246448958721,6.861551766893202,4.0904301507035665,2.1124109262404835,2.7319475651636793,2.2887738540084386,1.2077889245811215,3.499997898232092,4.7606275564575355,1.3908847384642729
103,2.5805286546334667,14.55976054815138,1.5396374777415975,6.852710239366858,5.839085988318812,6.021361754620565,3.9945606940464513,1.6418738952769636,2.973001762089886,2.4809609715205974,0.8885875659418252,4.112497530422708,3.4366660466734875,1.3178474120152357
104,2.5805286546334667,15.40969580857646,1.5485888584261418,7.217216103162968,6.138526295412085,5.951345920264512,3.5152134107608775,1.9221938286169329,2.5712447672128746,2.5857903083454112,1.2681783708101777,4.549997267701719,5.028236797796865,2.133960146684912
105,2.5805286546334667,15.29883468765145,2.282602074558764,8.274283108171685,6.587686756051993,6.301425092044777,2.6843447863992154,1.8421024190912276,5.303192332376554,2.4809609715205974,1.1646536058460817,3.7624977405994984,4.647949981156765,1.0002938187585524
106,2.5805286546334667,15.08943034812643,1.5485888584261418,7.727524312477521,5.689365834772176,5.601266748484247,2.6364100580706578,2.032319516714778,2.973001762089886,2.847863650407446,1.466600836991362,4.374997372790115,4.464848921293014,1.6195233256090849
107,2.5805286546334667,15.668371757401486,1.56649161979523,8.310733694551296,6.737406909598629,5.881330085908459,2.204997503113641,1.762011009565522,3.8568671508193115,2.847863650407446,1.4234655182563218,3.849997688055301,3.408496652848295,1.5496615350926146
108,2.5805286546334667,15.052476641151427,1.1547281083061982,7.071413757644524,5.689365834772176,6.441456760756884,3.77086529517985,2.042330942905491,3.133704560040691,3.634083676593551,1.1646536058460817,3.7624977405994984,4.253578467604071,0.990767210960852
109,2.5805286546334667,14.301084599326355,1.2084363924134633,9.841658322494956,5.988806141865449,6.5814884294689895,4.378038520674911,2.923336447688252,2.330190570286667,4.35041747822978,1.1430859464785614,4.19999747787851,4.591611193506381,2.1593644341454468
110,2.5805286546334667,14.116316064451338,3.3478163760195208,6.634006721089192,5.839085988318812,7.49169427609768,5.081081202827086,2.582947957204004,1.9284335754096558,6.2548170972139,1.2509242433161616,3.281248029592586,3.9577998324395494,1.7846511941025602
111,2.5805286546334667,15.42201371090146,2.175185506344234,7.909777244375575,6.288246448958721,6.1613934233326715,4.07445190792738,2.272593745291895,2.0891363733604607,2.1315298487712173,0.8627063747008011,3.9374976355111033,3.9155457417017603,1.0320491780842207
112,2.5805286546334667,14.485853134201372,2.398970023457838,10.643571222846397,5.988806141865449,7.211630938673467,2.796192485832516,2.032319516714778,4.821083938524139,1.8345133944342447,1.6391421119315221,5.381246768531841,3.521174228149065,1.9275503110680678
113,2.5805286546334667,14.054726552826331,0.6624021706562687,9.112646594902737,6.288246448958721,6.1613934233326715,3.9626042084940796,2.0122966643333515,3.3747587569668975,2.5159040837955353,1.3285678170392339,4.812497110069127,3.253564986809736,1.3781825947340056
114,2.5805286546334667,14.88002600860141,1.24424191515164,9.112646594902737,6.737406909598629,5.881330085908459,4.0904301507035665,2.2926165976733213,3.4551101559423,1.8170418382967755,1.2509242433161616,4.068747556694807,4.493018315118207,1.2225813340382308
115,2.5805286546334667,13.586646264476286,1.35165848336617,8.01912900351441,6.437966602505357,5.951345920264512,3.9306477229417083,2.172479483384763,4.178272746720921,3.5117827836312676,0.8195710559657611,7.481245507471096,4.042308013915127,1.292443124554701
116,2.5805286546334667,14.55976054815138,1.3158529606279934,7.2536666895425785,6.228358387540067,6.021361754620565,3.1636920696847897,1.601828190514111,2.4105419692620695,2.673148089032756,0.8411387153332811,4.156247504150609,4.690204071894555,1.5718902866205824
117,2.5805286546334667,15.29883468765145,1.4411722902116118,7.982678417134797,6.737406909598629,7.561710110453733,3.195648555237161,2.0923880738590572,2.7319475651636793,2.8129205381325084,0.8885875659418252,4.637497215157522,4.169070286128493,1.0955598967355575
118,2.5805286546334667,15.72996126902649,3.0703235747986515,7.217216103162968,4.7910449134923585,5.601266748484247,2.604453572518286,1.2514282738391491,3.4551101559423,1.4501391594099264,1.466600836991362,3.06249816095308,2.9859557454704073,1.181299366914862
119,2.5805286546334667,14.7814827900014,3.0703235747986515,7.2901172759221895,5.689365834772176,6.091377588976618,3.195648555237161,1.6418738952769636,2.973001762089886,3.2671809977067023,0.5521320798085128,4.068747556694807,4.295832558341859,1.7910022659676939
120,2.5805286546334667,14.103998162126336,2.1483313642906015,8.821041903865849,5.988806141865449,6.721520098181096,4.633690405093883,2.793187907208981,2.5712447672128746,3.1972947731568264,1.4018978588888018,3.499997898232092,4.774712253370132,1.9847099578542708
121,2.5805286546334667,14.23949508770135,1.8350330403315551,11.773539400614336,8.534048752158265,8.331884288370317,5.081081202827086,5.085804504882302,3.776515751843909,3.2671809977067023,2.5881191241024033,4.068747556694807,5.19725316074802,1.4766242086435775
122,2.5805286546334667,15.29883468765145,3.965461643253068,9.951010081633788,7.935168137971719,7.141615104317414,3.5152134107608775,2.13243377862191,3.4551101559423,2.987636099507198,0.8972146296888333,4.024997582966906,4.3944254367300335,1.1590706153868942
123,2.5805286546334667,16.074862534126524,5.1918007970356195,7.763974898857131,6.437966602505357,6.021361754620565,4.186299607360681,2.653027940538996,2.4105419692620695,3.5117827836312676,1.1215182871110416,3.1937480821367834,4.3662560429048405,1.2067036543753966
124,2.5805286546334667,14.621350059776384,3.8580450750385378,8.711690144727017,6.288246448958721,5.741298417196353,4.56977743398914,3.033462135786097,1.6873793784834488,5.084222836003478,1.2077889245811215,3.281248029592586,5.126829676185039,1.2067036543753966
125,2.5805286546334667,14.867708106276408,1.9334982278615414,7.909777244375575,6.288246448958721,5.951345920264512,4.15434312180831,2.653027940538996,2.973001762089886,2.3586600785583145,1.1905347970871054,3.7624977405994984,4.619780587331573,1.200352582510263
126,2.5805286546334667,15.31115258997645,1.3695612447352583,8.347184280930907,6.437966602505357,6.021361754620565,4.378038520674911,3.1535992500746555,3.133704560040691,3.092465436332012,1.6995315581605783,3.018748187225179,4.0000539231773375,1.1177886482635253
127,2.5805286546334667,14.522806841176376,1.9066440858079086,10.133263013531842,8.534048752158265,6.441456760756884,3.4033657113275764,2.2425594667197553,4.660381140573334,3.074993880194543,1.2940595620512017,4.243747451606411,3.4366660466734875,1.4797997445761442
128,2.5805286546334667,15.237245176026443,1.4590750515807,8.383634867310517,7.336287523785175,6.1613934233326715,3.547169896313249,2.4527994167247322,3.2140559590160933,3.319595666119109,0.9144687571828493,3.893747661783202,3.9155457417017603,1.086033288937857
129,2.5805286546334667,14.830754399301403,3.849093694353994,8.675239558347405,6.587686756051993,5.601266748484247,3.355430982999019,1.7519995833748088,3.3747587569668975,2.3586600785583145,1.1215182871110416,3.456247924504191,3.6197671065372385,1.8418108408887632
130,3.8707929819502005,15.8408223899515,1.2084363924134633,8.45653604006974,5.389925527678904,8.541931791438476,2.4127146592040565,1.2514282738391491,1.6873793784834488,1.6423262769220854,1.7685480681366423,3.324998003320487,1.8169259017249177,2.0005876375171048
131,3.8707929819502005,15.865458194601505,2.676462824678708,8.748140731106627,5.988806141865449,7.281646773029521,2.077171560904155,1.2213939952670094,1.9284335754096558,1.4501391594099264,2.3293072116921634,3.237498055864685,2.0000269615886688,1.6830340442604217
132,3.8707929819502005,15.779232878326496,2.0677689381297037,8.748140731106627,7.186567370238538,6.861551766893202,1.8374979192613674,1.0912454547877382,2.169487772335863,1.4501391594099264,2.4587131678972836,2.887498266041476,1.9155187801130915,1.7783001222374266
133,3.8707929819502005,15.64373595275148,3.177740143013181,8.602338385588183,6.437966602505357,7.421678441741626,2.7163012719515867,1.201371142885583,1.3659737825818397,1.4676107155473956,2.156765936752003,3.4124979507762894,1.8169259017249177,1.9053215595400999
134,3.8707929819502005,15.40969580857646,1.1099712048834773,8.201381935412464,5.240205374132268,5.951345920264512,3.195648555237161,0.5806627190613651,4.821083938524139,2.1839445171836243,2.350874871059683,3.281248029592586,2.1267892338020356,2.0640983561684414
135,3.8707929819502005,15.52055692950147,2.2020396483978666,8.01912900351441,5.53964568122554,6.5814884294689895,2.5884753297421006,0.6607541285870707,5.062138135450347,1.6423262769220854,3.062607630187844,3.1937480821367834,2.2253821121902093,2.2069974731339492
136,3.8707929819502005,15.08943034812643,4.225051683104849,9.25844894042118,6.288246448958721,6.231409257688724,2.204997503113641,0.47053703096352,4.258624145696324,1.3977244909975197,1.6607097712990422,3.281248029592586,1.7887565078997252,2.28638587144812
137,3.8707929819502005,15.434331613226462,4.932210757183839,9.62295480421729,7.486007677331811,6.721520098181096,2.860105456937259,0.6006855714427916,5.062138135450347,1.9218711751215896,2.156765936752003,3.587497845687894,2.3803137782287678,1.635401005271919
138,3.8707929819502005,16.616850236426576,3.213545665751358,7.982678417134797,5.839085988318812,6.1613934233326715,2.5884753297421006,0.4805484571542332,4.660381140573334,1.5374969400972716,2.4587131678972836,3.543747871959993,2.5634148380925197,1.8418108408887632
139,3.8707929819502005,15.816186585301498,2.649608682625075,9.513603045078456,7.186567370238538,7.071599269961362,3.7069523240751066,0.6006855714427916,4.258624145696324,1.4151960471349887,2.122257681763971,3.893747661783202,3.028209836208196,1.8735662002144315
140,3.8707929819502005,15.927047706226508,2.5153379723569125,9.841658322494956,6.288246448958721,6.721520098181096,2.460649387532614,0.5005713095356596,4.258624145696324,1.3103667103101746,1.9842246618118424,3.3687479770483884,3.253564986809736,1.9053215595400999
141,3.8707929819502005,16.45671750620156,2.2915534552433083,8.565887799208573,5.988806141865449,6.231409257688724,2.236953988666013,0.5005713095356596,2.973001762089886,1.1181795927980158,2.415577849162243,3.06249816095308,3.4789201374112766,2.47691802740213
142,3.8707929819502005,16.653803943401577,2.8375876770005024,9.914559495254178,7.036847216691902,6.7915359325371485,2.4766276303088,0.5205941619170861,4.017569948770117,0.9609355875607948,1.8763863649742423,3.893747661783202,2.9014475639948296,1.6512786849347532
143,3.8707929819502005,16.776982966651588,4.430933438849365,8.565887799208573,5.988806141865449,6.441456760756884,3.195648555237161,0.8009140952570555,3.776515751843909,1.7820987260218375,1.8979540243417627,3.9812476092390043,2.887362867082233,1.7465447629117583
144,3.8707929819502005,15.08943034812643,3.4731357056031387,8.01912900351441,5.53964568122554,7.841773447877945,2.204997503113641,0.780891242875629,2.330190570286667,1.9917573996714653,3.5414096681467893,2.8437482923135744,2.816939382519252,2.715083222344642
145,3.8707929819502005,16.210359459701536,3.1956429043822694,7.836876071616353,6.288246448958721,7.141615104317414,2.3967364164278706,0.5506284404892257,3.4551101559423,2.2713022978709696,1.7254127494016023,2.6249984236740684,2.3662290813161717,2.6356948240304714
146,3.8707929819502005,17.097248427101622,4.511495865010263,8.128480762653242,5.988806141865449,5.601266748484247,1.565867792066209,0.3403884904842486,3.2140559590160933,1.1880658173478917,2.113630618016963,2.5374984762182664,1.8732646893753027,1.3178474120152357
147,3.8707929819502005,15.853140292276501,4.1265864955748635,9.039745422143515,6.437966602505357,6.021361754620565,2.7163012719515867,0.6507427023963576,3.776515751843909,1.5025538278223336,3.2998518832305646,2.362498581306662,2.6197536257429044,1.9847099578542708
148,3.8707929819502005,16.407445896901553,2.900247341792312,8.675239558347405,6.437966602505357,6.441456760756884,3.0838008558038603,0.7608683904942026,3.615812953893105,2.1839445171836243,3.631993837490373,2.4062485550345634,2.2817208998405945,2.0640983561684414
149,3.8707929819502005,16.111816241101526,3.491038466972227,8.602338385588183,6.437966602505357,7.911789282233999,2.2529322314421982,1.3915882405091338,2.7319475651636793,1.9917573996714653,4.054719961093766,2.493748502490365,1.8732646893753027,1.7465447629117583
150,3.8707929819502005,16.629168138751574,2.7928307735777818,9.550053631458068,7.186567370238538,8.61194762579453,2.236953988666013,1.5717939119419713,1.7677307774588513,2.1839445171836243,3.709637411213445,2.5812484499461674,1.8310105986375138,1.5877679662834165
151,3.8707929819502005,15.754597073676491,2.390018642773294,9.039745422143515,6.587686756051993,7.841773447877945,2.3647799308754993,1.3615539619369943,1.9284335754096558,2.2014160733210932,4.658614423384327,2.099998738939255,2.0704504461516504,1.52425724763208
152,3.8707929819502005,16.14876994807653,1.7007623300633927,10.02391125439301,7.635727830878447,8.121836785302158,3.5152134107608775,1.2814625524112886,2.0891363733604607,2.7255627574451635,3.062607630187844,2.66874839740197,1.8732646893753027,1.349602771340904
153,3.8707929819502005,16.296584775976545,2.9539556258995767,8.310733694551296,5.53964568122554,6.861551766893202,2.876083699713445,0.830948373829195,4.901435337499542,3.2671809977067023,4.5378355309262135,2.4499985287624644,2.1267892338020356,2.1434867544826126
154,3.8707929819502005,15.495921124851469,1.1547281083061982,7.654623139718299,5.988806141865449,7.211630938673467,2.3647799308754993,0.5806627190613651,4.258624145696324,2.446017859245659,3.2782842238630443,2.5374984762182664,2.1831280214524202,2.032342996842773
155,3.8707929819502005,16.222677362026538,4.645766575278426,8.45653604006974,6.587686756051993,6.511472595112936,2.78021424305633,0.6307198500149311,4.901435337499542,2.7080912013076945,3.407690180068165,2.6249984236740684,2.0845351430642465,2.302263551110954
156,3.8707929819502005,17.047976817801615,3.687968842032199,8.675239558347405,5.839085988318812,6.231409257688724,2.876083699713445,0.830948373829195,3.8568671508193115,2.7255627574451635,3.8864922180271093,2.493748502490365,2.3098902936657866,1.52425724763208
157,3.8707929819502005,15.335788394626451,2.712268347416884,9.62295480421729,8.084888291518356,6.7915359325371485,3.0358661274753027,0.5806627190613651,5.062138135450347,1.9917573996714653,3.2351489051280042,2.931248239769377,2.436652565879153,2.7944716206588134
158,3.8707929819502005,17.663871934051674,1.503831955003421,9.841658322494956,7.486007677331811,6.861551766893202,4.473907977332026,1.3114968309834283,4.258624145696324,4.717320157116629,5.607591435555207,2.493748502490365,2.7606005948688668,2.0958537154941097
159,3.8707929819502005,16.604532334101574,1.4948805743188767,9.62295480421729,6.737406909598629,6.231409257688724,4.15434312180831,1.1012568809784513,4.178272746720921,4.0009863554804,5.068399951367207,2.493748502490365,2.5070760504421346,1.9688322781914367
160,3.8707929819502005,15.224927273701441,3.428378802180418,8.675239558347405,6.288246448958721,6.1613934233326715,3.674995838522735,0.9210512095456138,4.017569948770117,1.8170418382967755,3.2998518832305646,2.4499985287624644,2.2253821121902093,1.6512786849347532
161,3.8707929819502005,16.863208282926596,2.9181501031614,9.25844894042118,5.988806141865449,7.49169427609768,2.9240184280420025,0.5606398666799388,4.017569948770117,1.3977244909975197,2.5363567416203554,4.19999747787851,2.5634148380925197,2.1593644341454468
162,3.8707929819502005,15.8285044876265,2.9271014838459446,9.404251285939624,6.587686756051993,7.421678441741626,2.6364100580706578,0.6006855714427916,4.821083938524139,1.6772693891970234,2.406950785415235,3.8062477143273994,2.971871048557811,1.810055481563095
163,3.8707929819502005,15.964001413201514,3.0882263361677396,8.565887799208573,5.53964568122554,7.421678441741626,2.220975745889827,0.7007998333499235,3.2140559590160933,1.6423262769220854,2.277544829210115,2.974998213497278,2.4648219597043455,2.1434867544826126
164,3.8707929819502005,16.97406940385161,2.4705810689341914,8.383634867310517,6.587686756051993,6.301425092044777,2.157062774785084,0.6807769809684971,3.294407357991495,1.7995702821593065,4.132363534816838,3.06249816095308,2.3662290813161717,1.9529545985286023
165,3.8707929819502005,16.912479892226603,3.9028019784612593,8.237832521792074,6.737406909598629,6.1613934233326715,2.0452150753517833,0.47053703096352,4.178272746720921,2.0092289558089345,2.855558100259652,3.4124979507762894,2.4648219597043455,1.6512786849347532
166,3.8707929819502005,16.56757862712657,3.312010853281344,9.477152458698846,6.8871270631452655,7.771757613521892,2.7163012719515867,0.9210512095456138,3.4551101559423,2.5508471960704733,4.606852040902278,3.7187477668715974,2.1972127183650167,2.2069974731339492
167,3.8707929819502005,15.791550780651496,3.0166152906913863,8.383634867310517,5.839085988318812,6.1613934233326715,2.3647799308754993,0.6607541285870707,3.2140559590160933,1.6947409453344924,4.425683702215109,3.1499981084088824,2.4648219597043455,2.175242113808281
168,3.8707929819502005,16.727711357351584,2.3094562166123964,9.805207736115344,7.336287523785175,7.351662607385574,2.4766276303088,0.8409598000199081,3.133704560040691,2.690619645170225,3.735518602454469,3.237498055864685,2.535245444267327,2.381651949425125
169,3.8707929819502005,16.505989115501563,4.117635114890319,10.42486770456873,7.486007677331811,7.841773447877945,3.1636920696847897,0.9610969143084664,2.169487772335863,1.9393427312590585,3.666502092478405,2.931248239769377,2.704261807218482,2.0005876375171048
170,3.8707929819502005,15.027840836501422,2.712268347416884,8.45653604006974,5.689365834772176,6.721520098181096,1.9972803470232257,0.49055988334494643,3.2140559590160933,1.2754235980352366,2.372442530427203,2.887498266041476,2.5774995350051157,1.6195233256090849
171,3.8707929819502005,15.72996126902649,2.1393799836060574,8.310733694551296,5.839085988318812,6.021361754620565,2.220975745889827,0.5105827357263728,3.8568671508193115,1.1181795927980158,4.270396123415778,2.493748502490365,2.2958055967531905,1.4925018883064116
172,3.8707929819502005,17.442149692201653,2.2467965518205872,9.039745422143515,5.988806141865449,6.3714409264008305,2.6843447863992154,0.7007998333499235,3.5354615549177026,2.1664729610461553,4.184125917298886,2.712498371129871,2.4084831720539603,2.0958537154941097
173,3.8707929819502005,16.8878440875766,5.057530086767458,8.930393663004683,6.138526295412085,6.651504263825043,2.6843447863992154,0.6106969976335047,4.178272746720921,1.8519849505717136,3.3214195425980844,2.7999983185856734,2.4507372627917494,2.3498965900994566
174,3.8707929819502005,16.505989115501563,3.4999898476567717,9.039745422143515,6.8871270631452655,7.141615104317414,2.876083699713445,0.7508569643034895,3.4551101559423,2.4634894153831284,3.148878267657924,3.06249816095308,2.1972127183650167,2.381651949425125
175,3.8707929819502005,16.345856385276548,3.831190932984906,8.237832521792074,5.988806141865449,8.401900122726369,2.540540601413543,0.6907884071592102,3.4551101559423,2.3586600785583145,4.3998025109740855,2.5812484499461674,2.1972127183650167,2.6515725036933055
176,3.8707929819502005,16.222677362026538,2.3184075972969405,8.638788971967795,5.988806141865449,8.401900122726369,2.6364100580706578,0.6807769809684971,4.258624145696324,2.5508471960704733,4.011584642358725,2.6249984236740684,2.2817208998405945,2.6674501833561397
177,3.8707929819502005,17.40519598522665,3.6700660806631102,9.9874606680134,7.336287523785175,6.721520098181096,3.27553976911809,0.7608683904942026,4.499678342622531,2.3586600785583145,3.968449323623685,2.66874839740197,2.253551506015402,1.7783001222374266
